Model,Accuracy,Precision,Recall,F1,ROC_AUC
TPOT AutoML,0.7988826815642458,0.7391304347826086,0.7391304347826086,0.7391304347826086,0.8207509881422925
